{"val/bc_epoch":0.010737932380288839,"weight/cont_used_epoch":0.09343402783075969,"_step":9000,"train/total_epoch":1.0461418487959437,"val/continuity_epoch":5.275143557810224e-05,"val/total_epoch":0.6291210442781449,"_timestamp":1.7583755035045485e+09,"lr_epoch":5.4002659367580706e-05,"weight/mom_used_epoch":0.09343402783075969,"train/momentum_epoch":0.5127725541113048,"epoch":99,"train/continuity_epoch":4.9474426876056693e-05,"val/momentum_epoch":0.00655541437008651,"train/bc_epoch":0.010843169151080979,"val/mse_epoch":0.6279233247041702,"_wandb":{"runtime":0},"train/mse_epoch":0.9976793867018487,"_runtime":0}