{"train/mse_epoch":0.6379368190550142,"val/total_epoch":0.44924495443701745,"train/continuity_epoch":0.006612018059887406,"_step":18000,"_timestamp":1.7583657139367645e+09,"val/continuity_epoch":0.0071600292343646284,"lr_epoch":5.4002659367580706e-05,"val/mse_epoch":0.44478401020169256,"epoch":99,"weight/mom_used_epoch":0.093435763898823,"_wandb":{"runtime":0},"weight/cont_used_epoch":0.093435763898823,"val/momentum_epoch":0.03744930359534919,"_runtime":0,"train/momentum_epoch":0.15715122536445658,"train/total_epoch":0.6532366976969772}